# x1,	x2,	probability,	lower bound,	upper bound
1.0E-4,	1.0E-4,	0.037681661429734226,	0.0026949140374735725,	0.21954482400376624
1.0E-4,	0.020929166666666665,	0.04264452658958512,	0.004423887875823818,	0.20505555238268858
1.0E-4,	0.04175833333333333,	0.04844266139995762,	0.0063200520964001305,	0.20424941624203607
1.0E-4,	0.06258749999999999,	0.05095112191248585,	0.007163044805515495,	0.2054189167683605
1.0E-4,	0.08341666666666665,	0.04676421816533105,	0.0061537510308182775,	0.19740108469819068
1.0E-4,	0.10424583333333332,	0.03614941287197454,	0.003897497425968788,	0.17524462040364008
1.0E-4,	0.125075,	0.023250707659010106,	0.0017951597553245713,	0.14241146489306605
1.0E-4,	0.14590416666666667,	0.012670877537493408,	6.150335930609208E-4,	0.10739692196677902
1.0E-4,	0.16673333333333334,	0.006192007241479558,	1.7029426851522533E-4,	0.07784430125418179
1.0E-4,	0.18756250000000002,	0.0029703836507581904,	4.394051468825655E-5,	0.05702579292381427
1.0E-4,	0.2083916666666667,	0.0015475698512457114,	1.248488936461678E-5,	0.04445435692751071
1.0E-4,	0.22922083333333337,	9.494734066995414E-4,	4.499715578920593E-6,	0.038257012581919714
1.0E-4,	0.25005000000000005,	7.138370374779046E-4,	2.2291237760652116E-6,	0.0367909198483754
1.0E-4,	0.2708791666666667,	6.551208777970663E-4,	1.536290822834463E-6,	0.03907295745672723
1.0E-4,	0.2917083333333334,	7.08190729786673E-4,	1.4149203441671254E-6,	0.04458571561537322
1.0E-4,	0.3125375000000001,	8.573108784560857E-4,	1.627525724023915E-6,	0.05290603955947426
1.0E-4,	0.33336666666666676,	0.001104930946517646,	2.174752440686767E-6,	0.0633794942349522
1.0E-4,	0.35419583333333343,	0.0014557197889799034,	3.1746933512044606E-6,	0.07500931112139009
1.0E-4,	0.3750250000000001,	0.0019113899934380396,	4.856822287124807E-6,	0.08669326111806996
1.0E-4,	0.3958541666666668,	0.002482904795871821,	7.64714253254084E-6,	0.09781891216444805
1.0E-4,	0.41668333333333346,	0.003228836076403452,	1.2448356023098128E-5,	0.10907824205806033
1.0E-4,	0.43751250000000014,	0.004329042682241657,	2.138898061632144E-5,	0.1233105234381871
1.0E-4,	0.4583416666666668,	0.006218631622034121,	3.969159093281105E-5,	0.14623399890164523
1.0E-4,	0.4791708333333335,	0.009839239180442716,	8.00826122470677E-5,	0.186708714600269
1.0E-4,	0.5000000000000001,	0.01702352933730905,	1.7205307422102356E-4,	0.25481404482105063
0.08342916666666667,	1.0E-4,	0.04600395549344477,	0.005094790264255078,	0.2117189766592228
0.08342916666666667,	0.020929166666666665,	0.0628651185832717,	0.011297386585461866,	0.21707817316070993
0.08342916666666667,	0.04175833333333333,	0.08501544510006925,	0.020809394154646166,	0.2398152000856576
0.08342916666666667,	0.06258749999999999,	0.10382208919534441,	0.02922392024946191,	0.26506232562089166
0.08342916666666667,	0.08341666666666665,	0.10831638004251937,	0.03061892215868972,	0.27449016825734335
0.08342916666666667,	0.10424583333333332,	0.09335142984652062,	0.023482866094778343,	0.2564970291061046
0.08342916666666667,	0.125075,	0.06476143859166189,	0.012708929057395735,	0.21273135836267631
0.08342916666666667,	0.14590416666666667,	0.03566987527546006,	0.004700852551097201,	0.15636110053015295
0.08342916666666667,	0.16673333333333334,	0.015911426781818394,	0.0012098791295141464,	0.1038241827891282
0.08342916666666667,	0.18756250000000002,	0.006184664216497937,	2.406065186769668E-4,	0.06528525359009762
0.08342916666666667,	0.2083916666666667,	0.002363700114502265,	4.4511105066147305E-5,	0.0416925046055851
0.08342916666666667,	0.22922083333333337,	0.0010142741796371757,	9.469567329278838E-6,	0.029046402160469664
0.08342916666666667,	0.25005000000000005,	5.400276921371794E-4,	2.745037310125653E-6,	0.02316015097198315
0.08342916666666667,	0.2708791666666667,	3.7171654517409447E-4,	1.1797287147730096E-6,	0.02137388753051661
0.08342916666666667,	0.2917083333333334,	3.2556666404365275E-4,	7.501054745673308E-7,	0.02234660432057345
0.08342916666666667,	0.3125375000000001,	3.443330758827745E-4,	6.636725007891364E-7,	0.02544009768121991
0.08342916666666667,	0.33336666666666676,	4.1230476133158334E-4,	7.499269379374063E-7,	0.030221821640641078
0.08342916666666667,	0.35419583333333343,	5.274056304166996E-4,	9.966898685820347E-7,	0.036177853151700246
0.08342916666666667,	0.3750250000000001,	6.920440747265055E-4,	1.4648313448883954E-6,	0.04269738116013633
0.08342916666666667,	0.3958541666666668,	9.15289792475793E-4,	2.3032718500792804E-6,	0.04937966917296682
0.08342916666666667,	0.41668333333333346,	0.0012297081307521274,	3.860486225581994E-6,	0.05661936535418116
0.08342916666666667,	0.43751250000000014,	0.0017323384266291764,	7.027823356153817E-6,	0.06636988040114777
0.08342916666666667,	0.4583416666666668,	0.0026773588783903235,	1.4236316656923709E-5,	0.08311589627977017
0.08342916666666667,	0.4791708333333335,	0.004694443156497141,	3.228041866648601E-5,	0.11514156279015436
0.08342916666666667,	0.5000000000000001,	0.009239863103373935,	7.966085433425141E-5,	0.1747253202442297
0.16675833333333334,	1.0E-4,	0.05199141096226095,	0.007039248182321822,	0.21288992869509976
0.16675833333333334,	0.020929166666666665,	0.0845967931672893,	0.020137384282288118,	0.24237617848679538
0.16675833333333334,	0.04175833333333333,	0.13412930401844853,	0.046241865539608074,	0.29745847038039475
0.16675833333333334,	0.06258749999999999,	0.1878457520135003,	0.07868646295368342,	0.3602603430402149
0.16675833333333334,	0.08341666666666665,	0.22298717777986776,	0.10016715829023187,	0.4037364831999096
0.16675833333333334,	0.10424583333333332,	0.22118744504632748,	0.09661125316047742,	0.40699841357742783
0.16675833333333334,	0.125075,	0.17994768293149932,	0.06888408617860253,	0.3643049166129859
0.16675833333333334,	0.14590416666666667,	0.11622432191534077,	0.03424182503929046,	0.2855817384649504
0.16675833333333334,	0.16673333333333334,	0.05790673065500207,	0.011221102826710294,	0.19423820303087808
0.16675833333333334,	0.18756250000000002,	0.02253090749543507,	0.0024403390367838673,	0.1163664433635207
0.16675833333333334,	0.2083916666666667,	0.007440609695842426,	3.9560296759266755E-4,	0.06492916608875904
0.16675833333333334,	0.22922083333333337,	0.0024125985058544575,	5.931077548493313E-5,	0.0368881868331713
0.16675833333333334,	0.25005000000000005,	8.998131842431478E-4,	1.0502271320600443E-5,	0.023352553939486542
0.16675833333333334,	0.2708791666666667,	4.3225809606972643E-4,	2.6512276384282885E-6,	0.01742559150426054
0.16675833333333334,	0.2917083333333334,	2.780852081384899E-4,	1.0382018527654857E-6,	0.015447338685959044
0.16675833333333334,	0.3125375000000001,	2.332475546485413E-4,	6.219970014043064E-7,	0.015774217126325762
0.16675833333333334,	0.33336666666666676,	2.3938842223031331E-4,	5.293094108571594E-7,	0.017676213646111494
0.16675833333333334,	0.35419583333333343,	2.802143528184975E-4,	5.830914767690487E-7,	0.020732319042871317
0.16675833333333334,	0.3750250000000001,	3.5351224108692847E-4,	7.669621528982873E-7,	0.02459641023483894
0.16675833333333334,	0.3958541666666668,	4.6568017127501804E-4,	1.1431314038690132E-6,	0.02906996686618707
0.16675833333333334,	0.41668333333333346,	6.391329486453712E-4,	1.8941379829606753E-6,	0.03445894081720163
0.16675833333333334,	0.43751250000000014,	9.380368500637171E-4,	3.518061215568302E-6,	0.04219465183080978
0.16675833333333334,	0.4583416666666668,	0.0015365690674589705,	7.457881222971974E-6,	0.0558359651688195
0.16675833333333334,	0.4791708333333335,	0.002900744978696468,	1.8083465364304718E-5,	0.08273675221322552
0.16675833333333334,	0.5000000000000001,	0.006222122288221554,	4.8543704512071795E-5,	0.13548706333937444
0.2500875,	1.0E-4,	0.047872492777832454,	0.006253944352776597,	0.2020837996856259
0.2500875,	0.020929166666666665,	0.09111624957817682,	0.022605756044958958,	0.25297920970480464
0.2500875,	0.04175833333333333,	0.16791626343268512,	0.06467906228481873,	0.34155367954260496
0.2500875,	0.06258749999999999,	0.26657463539137727,	0.13228231410124047,	0.4479887180385214
0.2500875,	0.08341666666666665,	0.3528446784953914,	0.19854660004162322,	0.5364605556749343
0.2500875,	0.10424583333333332,	0.3939584005316054,	0.2304563362489213,	0.5789904022793358
0.2500875,	0.125075,	0.3743880153234169,	0.2106306567349278,	0.5650271879196626
0.2500875,	0.14590416666666667,	0.29712968615528534,	0.1466009362428642,	0.49432555786534754
0.2500875,	0.16673333333333334,	0.18798855887884924,	0.07202194718248006,	0.3783681444347763
0.2500875,	0.18756250000000002,	0.09058239256204803,	0.02314034343595539,	0.24776803901876404
0.2500875,	0.2083916666666667,	0.03336808193805896,	0.0048319390765956816,	0.14023510217697754
0.2500875,	0.22922083333333337,	0.010272932500442644,	7.381044229006206E-4,	0.0730932491974911
0.2500875,	0.25005000000000005,	0.003102978570578341,	1.0375440492982335E-4,	0.03889149366522665
0.2500875,	0.2708791666666667,	0.001090063465253699,	1.7365994669560347E-5,	0.023346835787807496
0.2500875,	0.2917083333333334,	4.998023684204544E-4,	4.192623075494062E-6,	0.01674448194767325
0.2500875,	0.3125375000000001,	3.09482935644978E-4,	1.5814127624635965E-6,	0.01439402476898316
0.2500875,	0.33336666666666676,	2.5066014208890985E-4,	9.142782852467057E-7,	0.014313098807018976
0.2500875,	0.35419583333333343,	2.490620439394853E-4,	7.520906575853026E-7,	0.015665356612141135
0.2500875,	0.3750250000000001,	2.8452664126471516E-4,	8.077344311741008E-7,	0.01806294572493039
0.2500875,	0.3958541666666668,	3.5712883384725336E-4,	1.0577476179940426E-6,	0.021380961838068258
0.2500875,	0.41668333333333346,	4.846172286144812E-4,	1.6263463032406555E-6,	0.02592155363166576
0.2500875,	0.43751250000000014,	7.20705148722689E-4,	2.9104686645187172E-6,	0.032908747743612354
0.2500875,	0.4583416666666668,	0.0012131994134305657,	6.093281541330597E-6,	0.04546416052196567
0.2500875,	0.4791708333333335,	0.002368543919284538,	1.484300749915457E-5,	0.07038684864973077
0.2500875,	0.5000000000000001,	0.005266495526744519,	4.05853022186764E-5,	0.12005193240783579
0.3334166666666667,	1.0E-4,	0.033702466144842846,	0.0034306756235473745,	0.16993320672522616
0.3334166666666667,	0.020929166666666665,	0.07398079004570707,	0.015659611765399817,	0.22948459119647507
0.3334166666666667,	0.04175833333333333,	0.1606716791469331,	0.05825867896548165,	0.3394950840600789
0.3334166666666667,	0.06258749999999999,	0.294196356502142,	0.149086110630251,	0.48326037296196245
0.3334166666666667,	0.08341666666666665,	0.4337709476147786,	0.26489071380644813,	0.6159176898605384
0.3334166666666667,	0.10424583333333332,	0.5305614586527401,	0.3549181944642331,	0.7003607777316069
0.3334166666666667,	0.125075,	0.5614751633907862,	0.38389719476960676,	0.7273047934281122
0.3334166666666667,	0.14590416666666667,	0.5216785021695658,	0.3413933989316108,	0.6975603671910104
0.3334166666666667,	0.16673333333333334,	0.4148632347465556,	0.23991644906621568,	0.6089051307137389
0.3334166666666667,	0.18756250000000002,	0.2666562876482478,	0.12231315998461784,	0.4671588756970998
0.3334166666666667,	0.2083916666666667,	0.13110516414281803,	0.04148789121218155,	0.3054849639105126
0.3334166666666667,	0.22922083333333337,	0.04933502482324609,	0.009243019003655761,	0.17183592006647347
0.3334166666666667,	0.25005000000000005,	0.015557484378566966,	0.0015182060914583628,	0.08896256174966022
0.3334166666666667,	0.2708791666666667,	0.004822610148881024,	2.3004921124902822E-4,	0.047102719862828046
0.3334166666666667,	0.2917083333333334,	0.0017300534255851874,	4.11162317675573E-5,	0.028105372887892388
0.3334166666666667,	0.3125375000000001,	7.989556183528035E-4,	1.0357308267261445E-5,	0.019913920655507455
0.3334166666666667,	0.33336666666666676,	4.894727284396883E-4,	3.955697068458441E-6,	0.01677454879604956
0.3334166666666667,	0.35419583333333343,	3.8673271702593937E-4,	2.256344118711784E-6,	0.016258965182622487
0.3334166666666667,	0.3750250000000001,	3.7350258406221304E-4,	1.8081236182743154E-6,	0.01738021472934448
0.3334166666666667,	0.3958541666666668,	4.194808222249269E-4,	1.9019819958998596E-6,	0.019823677446537624
0.3334166666666667,	0.41668333333333346,	5.326062293104505E-4,	2.497540835033618E-6,	0.023827713231856673
0.3334166666666667,	0.43751250000000014,	7.638562396962145E-4,	3.990142956378229E-6,	0.030532652685603456
0.3334166666666667,	0.4583416666666668,	0.0012606816131739973,	7.676395933520208E-6,	0.04290135336545475
0.3334166666666667,	0.4791708333333335,	0.0024288566713706605,	1.751590752652188E-5,	0.06750641385693995
0.3334166666666667,	0.5000000000000001,	0.0053442297435100095,	4.558697634809983E-5,	0.11653433782974398
0.41674583333333337,	1.0E-4,	0.01808428371859988,	0.0011822252955424606,	0.12509560188829355
0.41674583333333337,	0.020929166666666665,	0.044233322174628886,	0.0066027528080858655,	0.17646892221126115
0.41674583333333337,	0.04175833333333333,	0.11503618828779444,	0.03344835732408025,	0.28502510018466787
0.41674583333333337,	0.06258749999999999,	0.2538122702766761,	0.11603095006850017,	0.4482761865838676
0.41674583333333337,	0.08341666666666665,	0.4322439365422935,	0.2590434658563479,	0.6198050815208093
0.41674583333333337,	0.10424583333333332,	0.582762067518687,	0.4048633706658752,	0.7449582852117604
0.41674583333333337,	0.125075,	0.6664008093433005,	0.49551072880766306,	0.8081899770599333
0.41674583333333337,	0.14590416666666667,	0.6802049442810368,	0.5104790414328348,	0.8186609483558592
0.41674583333333337,	0.16673333333333334,	0.6263149060607003,	0.4488205288630021,	0.7801972800816139
0.41674583333333337,	0.18756250000000002,	0.5044643627427918,	0.32255557564403636,	0.6854329151150993
0.41674583333333337,	0.2083916666666667,	0.3349584238946482,	0.17417023987386493,	0.5339841070689519
0.41674583333333337,	0.22922083333333337,	0.17396767949503045,	0.06518951075667573,	0.35770719144036145
0.41674583333333337,	0.25005000000000005,	0.07095786978784685,	0.016773679274089515,	0.20841939639578644
0.41674583333333337,	0.2708791666666667,	0.024767319158998713,	0.0033030458565383447,	0.11278558660203675
0.41674583333333337,	0.2917083333333334,	0.008525912448317186,	6.06032549613944E-4,	0.06237335351853557
0.41674583333333337,	0.3125375000000001,	0.003330304828764341,	1.277273095189324E-4,	0.03836543804535664
0.41674583333333337,	0.33336666666666676,	0.0016166880820923102,	3.597516049652638E-5,	0.027459023292688067
0.41674583333333337,	0.35419583333333343,	0.0010036888834172308,	1.44770735512334E-5,	0.022926863587174495
0.41674583333333337,	0.3750250000000001,	7.831424971473377E-4,	8.302078962740822E-6,	0.02179709233175603
0.41674583333333337,	0.3958541666666668,	7.410928378541737E-4,	6.527494108843346E-6,	0.02290625921590067
0.41674583333333337,	0.41668333333333346,	8.258250073281959E-4,	6.733930421165546E-6,	0.02613558252211695
0.41674583333333337,	0.43751250000000014,	0.0010728043706982326,	8.823521193190853E-6,	0.032457262571196244
0.41674583333333337,	0.4583416666666668,	0.0016371553830352714,	1.4378442141249614E-5,	0.044717762424475505
0.41674583333333337,	0.4791708333333335,	0.0029541908404635553,	2.847848444414991E-5,	0.06936054868596031
0.41674583333333337,	0.5000000000000001,	0.006155343089407461,	6.582020918993736E-5,	0.11843367795293386
0.500075,	1.0E-4,	0.007947170675243476,	2.8622473435607754E-4,	0.08405184489766682
0.500075,	0.020929166666666665,	0.019930530499556176,	0.0017493729276984449,	0.11697761083621266
0.500075,	0.04175833333333333,	0.0605006041849106,	0.011853569879270998,	0.20064285242184338
0.500075,	0.06258749999999999,	0.16669246052626702,	0.05980300483122725,	0.35263832717099586
0.500075,	0.08341666666666665,	0.3487164804769876,	0.1851800964752034,	0.5470544469815797
0.500075,	0.10424583333333332,	0.5431352021548576,	0.36184236519595414,	0.7157321840142628
0.500075,	0.125075,	0.6793307671038205,	0.5093676050078235,	0.8181066322089797
0.500075,	0.14590416666666667,	0.7416360172207432,	0.5839918049373325,	0.8609679782423838
0.500075,	0.16673333333333334,	0.7402699298302177,	0.5823100027413971,	0.8600511179900062
0.500075,	0.18756250000000002,	0.6783270429647529,	0.5084986735657282,	0.8172002455546854
0.500075,	0.2083916666666667,	0.5530329708641053,	0.3731789569561097,	0.7224386189080074
0.500075,	0.22922083333333337,	0.381123037732296,	0.21459800739431317,	0.5735827222241123
0.500075,	0.25005000000000005,	0.21351250429656127,	0.09115572487415102,	0.3993948465144582
0.500075,	0.2708791666666667,	0.09828638069633516,	0.028683418091317636,	0.24754045959702647
0.500075,	0.2917083333333334,	0.04000713432276487,	0.007308766762114893,	0.14468881326908217
0.500075,	0.3125375000000001,	0.016102608395807794,	0.001752952743083902,	0.0862513922811931
0.500075,	0.33336666666666676,	0.007140416457162735,	4.6347888277614713E-4,	0.056093964862760415
0.500075,	0.35419583333333343,	0.0037501922259421394,	1.5220662274745278E-4,	0.04127970229730904
0.500075,	0.3750250000000001,	0.0024001440292099607,	6.609609869162592E-5,	0.034536699828797646
0.500075,	0.3958541666666668,	0.0018660362176367018,	3.850918778341983E-5,	0.03241477666018705
0.500075,	0.41668333333333346,	0.0017384986668415037,	2.9736472819008597E-5,	0.0336794241989985
0.500075,	0.43751250000000014,	0.0019281933127859308,	2.984212123763319E-5,	0.038756938507198746
0.500075,	0.4583416666666668,	0.0025607145980744983,	3.8187500909669936E-5,	0.050182031984690956
0.500075,	0.4791708333333335,	0.004095416248175221,	6.0892435153336866E-5,	0.07413125220594768
0.500075,	0.5000000000000001,	0.007726796906357691,	1.1655696287293793E-4,	0.12241268670205235
0.5834041666666667,	1.0E-4,	0.0033296445086819504,	6.11585788501956E-5,	0.0564374429928684
0.5834041666666667,	0.020929166666666665,	0.007523163543657119,	3.3756756686503797E-4,	0.07172798589213081
0.5834041666666667,	0.04175833333333333,	0.02408865238591751,	0.002670628334004388,	0.12182662714755182
0.5834041666666667,	0.06258749999999999,	0.08068106401828579,	0.0192277226556678,	0.23237637112190962
0.5834041666666667,	0.08341666666666665,	0.21663472349186585,	0.08945742792366512,	0.41172310709800564
0.5834041666666667,	0.10424583333333332,	0.4180371750933296,	0.24319179150603082,	0.6111192617211834
0.5834041666666667,	0.125075,	0.6030182767085371,	0.4244742323893935,	0.7620136911632913
0.5834041666666667,	0.14590416666666667,	0.7171755511326423,	0.5547973844181169,	0.8440279638881147
0.5834041666666667,	0.16673333333333334,	0.7615260745617797,	0.6097277876442841,	0.8736530488894989
0.5834041666666667,	0.18756250000000002,	0.7492680160655683,	0.5946791435742947,	0.8653720807248679
0.5834041666666667,	0.2083916666666667,	0.683247245300671,	0.5163531046120454,	0.8192721162577081
0.5834041666666667,	0.22922083333333337,	0.562857240002927,	0.38679691783792935,	0.7271153902262907
0.5834041666666667,	0.25005000000000005,	0.40430280627743226,	0.23873005475901526,	0.5893771321592667
0.5834041666666667,	0.2708791666666667,	0.24792341112395155,	0.11754978040850883,	0.4306367615678478
0.5834041666666667,	0.2917083333333334,	0.13171934903218208,	0.04660955276933487,	0.28844101073317835
0.5834041666666667,	0.3125375000000001,	0.06399630262296352,	0.015810150881578222,	0.18540593838586883
0.5834041666666667,	0.33336666666666676,	0.030690206533864006,	0.005056329595217346,	0.12109362890495257
0.5834041666666667,	0.35419583333333343,	0.015646609139560785,	0.0016959759872401947,	0.08427748141662095
0.5834041666666667,	0.3750250000000001,	0.008951148486390448,	6.530931027460829E-4,	0.06417405192963471
0.5834041666666667,	0.3958541666666668,	0.0059184388609829774,	3.0693804012643655E-4,	0.053859306724435674
0.5834041666666667,	0.41668333333333346,	0.004584012607514065,	1.8181996082800023E-4,	0.04985178112092481
0.5834041666666667,	0.43751250000000014,	0.004204485574601735,	1.3737662626728264E-4,	0.05130032034217252
0.5834041666666667,	0.4583416666666668,	0.004642938151371179,	1.3231843344763128E-4,	0.05996954514694086
0.5834041666666667,	0.4791708333333335,	0.006269737259140873,	1.6065255468633577E-4,	0.08140442485662097
0.5834041666666667,	0.5000000000000001,	0.010261673388063608,	2.3984013767625045E-4,	0.1268463269873923
0.6667333333333334,	1.0E-4,	0.0016027667683645164,	1.5356998139093303E-5,	0.04212785887526438
0.6667333333333334,	0.020929166666666665,	0.0028641898378927166,	6.21226852844381E-5,	0.045678777391996106
0.6667333333333334,	0.04175833333333333,	0.008235784056059181,	4.523939280384748E-4,	0.06970141422152132
0.6667333333333334,	0.06258749999999999,	0.029670546960406663,	0.003948628260367237,	0.13245001415397256
0.6667333333333334,	0.08341666666666665,	0.09877427176357151,	0.026866639910212542,	0.25844262496348036
0.6667333333333334,	0.10424583333333332,	0.2466483470865231,	0.11010346299046864,	0.44268247887701423
0.6667333333333334,	0.125075,	0.44093437009908454,	0.26572546636077266,	0.6287676993540976
0.6667333333333334,	0.14590416666666667,	0.6047384730582698,	0.4289208111477213,	0.7612673769860747
0.6667333333333334,	0.16673333333333334,	0.7006219384345453,	0.5373868836690777,	0.8311016112343441
0.6667333333333334,	0.18756250000000002,	0.7339326083402569,	0.5776337957467776,	0.853980077150019
0.6667333333333334,	0.2083916666666667,	0.7163237600355773,	0.5571278157123086,	0.8413976849755209
0.6667333333333334,	0.22922083333333337,	0.6524609903510161,	0.4850669413985956,	0.7942869994655277
0.6667333333333334,	0.25005000000000005,	0.5465122783433918,	0.3752249793314855,	0.7094418510289597
0.6667333333333334,	0.2708791666666667,	0.4134009989445652,	0.25218664377847777,	0.5909598112334595
0.6667333333333334,	0.2917083333333334,	0.28017304045318403,	0.1451756486830672,	0.45727398814692954
0.6667333333333334,	0.3125375000000001,	0.17208282566453542,	0.0719298157248992,	0.3334650408712362
0.6667333333333334,	0.33336666666666676,	0.09882463918076373,	0.03158325710853438,	0.23621281532548544
0.6667333333333334,	0.35419583333333343,	0.05544008159818814,	0.012952008107826818,	0.16831347279571696
0.6667333333333334,	0.3750250000000001,	0.031821119605829506,	0.005310448180868121,	0.1241629574757907
0.6667333333333334,	0.3958541666666668,	0.019470775142993613,	0.0023373598344170188,	0.0966335986188725
0.6667333333333334,	0.41668333333333346,	0.013144036407132742,	0.0011746482201780428,	0.08049442473843127
0.6667333333333334,	0.43751250000000014,	0.010109974588952353,	7.050502237407885E-4,	0.07326374278181508
0.6667333333333334,	0.4583416666666668,	0.00918174455909021,	5.190716454520072E-4,	0.07543971269271965
0.6667333333333334,	0.4791708333333335,	0.010196926279622875,	4.7342845901998665E-4,	0.09139977189271392
0.6667333333333334,	0.5000000000000001,	0.014028216763646573,	5.333797095359305E-4,	0.1312095413694842
0.7500625000000001,	1.0E-4,	0.0010198959889864412,	5.71081097455739E-6,	0.03750462996493098
0.7500625000000001,	0.020929166666666665,	0.0013356437599152948,	1.4698488921272013E-5,	0.03374658620635518
0.7500625000000001,	0.04175833333333333,	0.0029581633234210813,	7.704156230953219E-5,	0.04268246904839451
0.7500625000000001,	0.06258749999999999,	0.00953423972577827,	6.223373219807482E-4,	0.07215338415706002
0.7500625000000001,	0.08341666666666665,	0.03425357841609311,	0.0051595506326141405,	0.1404357436845562
0.7500625000000001,	0.10424583333333332,	0.10578620025050145,	0.03067861970603164,	0.26513479237941745
0.7500625000000001,	0.125075,	0.24298609659238585,	0.11005953376185612,	0.4335878093549404
0.7500625000000001,	0.14590416666666667,	0.4115919365304035,	0.24384090683230147,	0.5975834144453014
0.7500625000000001,	0.16673333333333334,	0.5521425395603905,	0.37868360891299296,	0.7160315650958752
0.7500625000000001,	0.18756250000000002,	0.6365830403196294,	0.46887919071616374,	0.7813521683578977
0.7500625000000001,	0.2083916666666667,	0.667381109378153,	0.5038808984526445,	0.8039065032281901
0.7500625000000001,	0.22922083333333337,	0.6539081881678503,	0.4899384075967442,	0.7930387211755735
0.7500625000000001,	0.25005000000000005,	0.6030885202003097,	0.4367161042979255,	0.7523803644313389
0.7500625000000001,	0.2708791666666667,	0.5215716396746095,	0.35602514838931254,	0.6834260281205472
0.7500625000000001,	0.2917083333333334,	0.41998384009502043,	0.2630416936857327,	0.5910032356474205
0.7500625000000001,	0.3125375000000001,	0.31347542971425957,	0.17433767477457357,	0.4860860299829154
0.7500625000000001,	0.33336666666666676,	0.2173874642402891,	0.1030348493882422,	0.3829863278049156
0.7500625000000001,	0.35419583333333343,	0.14167725221909377,	0.054623592584141345,	0.2932061781912628
0.7500625000000001,	0.3750250000000001,	0.0886366589810294,	0.026657809866206306,	0.2218260478560608
0.7500625000000001,	0.3958541666666668,	0.05484643508495923,	0.012559601848310231,	0.16863189399912465
0.7500625000000001,	0.41668333333333346,	0.034826633867333645,	0.006072040947653512,	0.13127421642684367
0.7500625000000001,	0.43751250000000014,	0.02370951174801983,	0.0031998622297989554,	0.10776330344560653
0.7500625000000001,	0.4583416666666668,	0.01823227797897292,	0.0019272902159212513,	0.09790278459577073
0.7500625000000001,	0.4791708333333335,	0.01676038001720853,	0.0013680637525991246,	0.10462078457102914
0.7500625000000001,	0.5000000000000001,	0.01918837243372401,	0.00117047666159098,	0.13600622598171053
0.8333916666666668,	1.0E-4,	8.928977699947938E-4,	3.4523327899216305E-6,	0.03998706909502697
0.8333916666666668,	0.020929166666666665,	8.56197152753535E-4,	5.472537515205378E-6,	0.0304311417779789
0.8333916666666668,	0.04175833333333333,	0.001347273927794601,	1.771536730177381E-5,	0.031037047998624223
0.8333916666666668,	0.06258749999999999,	0.0033062934567291147,	1.0225622179610427E-4,	0.042887063492989486
0.8333916666666668,	0.08341666666666665,	0.010594194763888898,	7.822867746264395E-4,	0.07397795320934097
0.8333916666666668,	0.10424583333333332,	0.03497682516721817,	0.005577504182647797,	0.13860322359586663
0.8333916666666668,	0.125075,	0.09755683974694357,	0.028232595396645743,	0.2470602062626009
0.8333916666666668,	0.14590416666666667,	0.20880342569076238,	0.09080368567464547,	0.38769263257313974
0.8333916666666668,	0.16673333333333334,	0.3443843208216528,	0.1923392544717878,	0.5272086700422526
0.8333916666666668,	0.18756250000000002,	0.4637640644058687,	0.2984546143933048,	0.635681747510127
0.8333916666666668,	0.2083916666666667,	0.5437478779041797,	0.37691781380520195,	0.7031031556303493
0.8333916666666668,	0.22922083333333337,	0.5818596408912553,	0.4166630135078496,	0.7336021829520251
0.8333916666666668,	0.25005000000000005,	0.5837767506270605,	0.4198064114703531,	0.73418460810469
0.8333916666666668,	0.2708791666666667,	0.5555314296658662,	0.39241281220132873,	0.7096403519546353
0.8333916666666668,	0.2917083333333334,	0.5022205527275724,	0.3413657281684894,	0.6627101245357153
0.8333916666666668,	0.3125375000000001,	0.4294172146198025,	0.27447002254632746,	0.5962424777492594
0.8333916666666668,	0.33336666666666676,	0.3447861663553626,	0.20123788859282993,	0.5152904139107032
0.8333916666666668,	0.35419583333333343,	0.2583886786484888,	0.13264185764942482,	0.4275353256847671
0.8333916666666668,	0.3750250000000001,	0.18072266971235829,	0.07824776351416096,	0.34153698189806103
0.8333916666666668,	0.3958541666666668,	0.11924681606942994,	0.041996016962589755,	0.26449718259981736
0.8333916666666668,	0.41668333333333346,	0.07610860741448011,	0.021347086607695243,	0.20135315792272585
0.8333916666666668,	0.43751250000000014,	0.04895154527750467,	0.010852914132189029,	0.15511619518930075
0.8333916666666668,	0.4583416666666668,	0.03361969897960665,	0.005817456777910457,	0.12774552694036329
0.8333916666666668,	0.4791708333333335,	0.02648766136165076,	0.003428970081625904,	0.12169019063782072
0.8333916666666668,	0.5000000000000001,	0.025601445570101633,	0.002320369297468039,	0.1426288026179482
0.9167208333333334,	1.0E-4,	0.001020361716683682,	3.243364833205309E-6,	0.048597062485817355
0.9167208333333334,	0.020929166666666665,	7.574555625761703E-4,	3.3572536209947046E-6,	0.03280488574431911
0.9167208333333334,	0.04175833333333333,	8.537455176867437E-4,	6.554097805755443E-6,	0.02771485724294165
0.9167208333333334,	0.06258749999999999,	0.001485436402990814,	2.3452481047792073E-5,	0.030677054560809602
0.9167208333333334,	0.08341666666666665,	0.003659539631237163,	1.3003137649558738E-4,	0.04346753090075073
0.9167208333333334,	0.10424583333333332,	0.010814643702922067,	8.563154328199429E-4,	0.07247253827669636
0.9167208333333334,	0.125075,	0.03180890418715282,	0.005076232997652752,	0.12732965881130476
0.9167208333333334,	0.14590416666666667,	0.08061296647819777,	0.022192828929401887,	0.2143289665378233
0.9167208333333334,	0.16673333333333334,	0.16449801441990514,	0.06628617410757676,	0.3269895693477288
0.9167208333333334,	0.18756250000000002,	0.2707743630521394,	0.13926799375234844,	0.44538442449094107
0.9167208333333334,	0.2083916666666667,	0.37419718402735336,	0.2231175147797005,	0.5478345924019596
0.9167208333333334,	0.22922083333333337,	0.4552449865894468,	0.29594231931661436,	0.6222007466113172
0.9167208333333334,	0.25005000000000005,	0.5065259147551215,	0.3452343300245505,	0.666742794731281
0.9167208333333334,	0.2708791666666667,	0.5281427894829404,	0.3672718292145959,	0.6844900949072206
0.9167208333333334,	0.2917083333333334,	0.522261851605035,	0.362470169183582,	0.6785063984662681
0.9167208333333334,	0.3125375000000001,	0.490855590383747,	0.33281225250792834,	0.6503677749898001
0.9167208333333334,	0.33336666666666676,	0.43621216822653974,	0.2819296129937191,	0.6010087885794175
0.9167208333333334,	0.35419583333333343,	0.36300294426722485,	0.2168587594224088,	0.5326603668236587
0.9167208333333334,	0.3750250000000001,	0.2801119237137777,	0.14904691824432487,	0.4504643233093215
0.9167208333333334,	0.3958541666666668,	0.19972088295167661,	0.09112029341465999,	0.3626631432718129
0.9167208333333334,	0.41668333333333346,	0.13288098637781437,	0.05039298623891486,	0.27937622275218466
0.9167208333333334,	0.43751250000000014,	0.08495079872640071,	0.026167876059635664,	0.21050262563073413
0.9167208333333334,	0.4583416666666668,	0.05501608949936598,	0.013345883602015662,	0.16351815433817585
0.9167208333333334,	0.4791708333333335,	0.03895015711388816,	0.006978077907536573,	0.14284774593645988
0.9167208333333334,	0.5000000000000001,	0.03281553112315788,	0.003953314798434915,	0.15248371787463288
1.00005,	1.0E-4,	0.0013794677159587043,	4.180160525224519E-6,	0.0628791716554189
1.00005,	0.020929166666666665,	8.571409569304578E-4,	3.134547772898344E-6,	0.039685174561196246
1.00005,	0.04175833333333333,	7.410197994545675E-4,	3.9751201717508344E-6,	0.029389976855107358
1.00005,	0.06258749999999999,	9.361206237397668E-4,	8.793149416430612E-6,	0.027049133892994404
1.00005,	0.08341666666666665,	0.0016884700774396633,	3.164267766797568E-5,	0.031293421413161715
1.00005,	0.10424583333333332,	0.003966408591082327,	1.5758334442167454E-4,	0.04388055122040185
1.00005,	0.125075,	0.010603580336552898,	8.756383512772969E-4,	0.06955794427048206
1.00005,	0.14590416666666667,	0.028069860729066587,	0.004397050547380099,	0.11508083295913468
1.00005,	0.16673333333333334,	0.06615475185726943,	0.017178977957261532,	0.18558927408103199
1.00005,	0.18756250000000002,	0.13148815834690475,	0.049149189548469696,	0.279069304340422
1.00005,	0.2083916666666667,	0.2190879937896858,	0.10466663303229817,	0.38393844803707466
1.00005,	0.22922083333333337,	0.3132074318896322,	0.1754660848032828,	0.4837374184598636
1.00005,	0.25005000000000005,	0.39683688338973755,	0.24603097392476708,	0.5651135296969094
1.00005,	0.2708791666666667,	0.4587162786990389,	0.302512559496379,	0.6216628893610725
1.00005,	0.2917083333333334,	0.4936947626545081,	0.33622910983683363,	0.6521625717540029
1.00005,	0.3125375000000001,	0.5000712942619319,	0.34295857475230496,	0.6571728087130839
1.00005,	0.33336666666666676,	0.4776253816411634,	0.32169941951523406,	0.637102041747992
1.00005,	0.35419583333333343,	0.42776848648081994,	0.2750293454680597,	0.592334991918337
1.00005,	0.3750250000000001,	0.3555864517307713,	0.2110132923409863,	0.5248570244210947
1.00005,	0.3958541666666668,	0.2717045534465856,	0.1434125164923704,	0.440295818795221
1.00005,	0.41668333333333346,	0.19060877417835642,	0.0863816195743976,	0.34903328821370594
1.00005,	0.43751250000000014,	0.1247828995632172,	0.04699378617467381,	0.264975401841526
1.00005,	0.4583416666666668,	0.07949289926534175,	0.023817005347459952,	0.20147550529687308
1.00005,	0.4791708333333335,	0.05294171445285667,	0.0116620374806643,	0.16705509348560682
1.00005,	0.5000000000000001,	0.040421607178669994,	0.005854750928845798,	0.16581182033965297
1.0833791666666668,	1.0E-4,	0.00199836784600399,	6.418647562067559E-6,	0.08166208229375338
1.0833791666666668,	0.020929166666666665,	0.0011189814491006644,	3.88866153439027E-6,	0.050279018829382016
1.0833791666666668,	0.04175833333333333,	8.106762113905819E-4,	3.6033150168091055E-6,	0.03464048624894411
1.0833791666666668,	0.06258749999999999,	8.054970431493613E-4,	5.397197516854302E-6,	0.028247246960601824
1.0833791666666668,	0.08341666666666665,	0.001107239615786959,	1.2898492817381424E-5,	0.02793884718598505
1.0833791666666668,	0.10424583333333332,	0.002020940582191655,	4.5317974454284204E-5,	0.03322568415160143
1.0833791666666668,	0.125075,	0.004517462657950944,	2.0373430805131765E-4,	0.04587278459692473
1.0833791666666668,	0.14590416666666667,	0.011143609447674008,	9.875741643083358E-4,	0.06984719803657158
1.0833791666666668,	0.16673333333333334,	0.027294830893158484,	0.004373409742155332,	0.11076657224163794
1.0833791666666668,	0.18756250000000002,	0.061024361192206944,	0.01568951639463978,	0.17354983117946232
1.0833791666666668,	0.2083916666666667,	0.11866351004671155,	0.0432324312425626,	0.25815601314036163
1.0833791666666668,	0.22922083333333337,	0.19816086462529459,	0.09202393646476092,	0.35642798287636335
1.0833791666666668,	0.25005000000000005,	0.28751015658463697,	0.15718920223869404,	0.45411586923274866
1.0833791666666668,	0.2708791666666667,	0.37057585188597725,	0.2254096788756893,	0.537204159607071
1.0833791666666668,	0.2917083333333334,	0.43404245167565214,	0.2819252011229113,	0.5967519354047994
1.0833791666666668,	0.3125375000000001,	0.47009535317666223,	0.3157625117665742,	0.6291190870606029
1.0833791666666668,	0.33336666666666676,	0.475372245463277,	0.321003514926021,	0.6335802062136721
1.0833791666666668,	0.35419583333333343,	0.44940440632155637,	0.29647667447746645,	0.6103489548973179
1.0833791666666668,	0.3750250000000001,	0.39483537473037594,	0.24649441440909764,	0.5604406255935919
1.0833791666666668,	0.3958541666666668,	0.31930942700219245,	0.18207916447274752,	0.48731914899064743
1.0833791666666668,	0.41668333333333346,	0.23617965307444666,	0.11859375091245267,	0.39926680563609757
1.0833791666666668,	0.43751250000000014,	0.160789909298226,	0.06844723325716157,	0.31030802830292625
1.0833791666666668,	0.4583416666666668,	0.10379439712954963,	0.0355674807823419,	0.23704760064797048
1.0833791666666668,	0.4791708333333335,	0.06756865248928945,	0.017063072870197704,	0.19222803180358744
1.0833791666666668,	0.5000000000000001,	0.04855770884852456,	0.007989188259102331,	0.18178207034931132
1.1667083333333335,	1.0E-4,	0.0028748187012143656,	1.0419202149669626E-5,	0.10244487543752501
1.1667083333333335,	0.020929166666666665,	0.0015355797702536478,	5.592245613417202E-6,	0.0632387239353161
1.1667083333333335,	0.04175833333333333,	0.0010100746016711293,	4.258362682307837E-6,	0.04246753118484253
1.1667083333333335,	0.06258749999999999,	8.656725619937133E-4,	4.889032098776003E-6,	0.032619288375036026
1.1667083333333335,	0.08341666666666665,	9.851808568817066E-4,	8.567602514775174E-6,	0.029375968882747183
1.1667083333333335,	0.10424583333333332,	0.0014655354313133917,	2.2116211905398586E-5,	0.031050761557907702
1.1667083333333335,	0.125075,	0.0027263931161707333,	7.759301837945154E-5,	0.037918922959560286
1.1667083333333335,	0.14590416666666667,	0.005928028081028214,	3.27927927378846E-4,	0.05203840396905424
1.1667083333333335,	0.16673333333333334,	0.013849283630885112,	0.0014430005400467572,	0.0773054248435881
1.1667083333333335,	0.18756250000000002,	0.03187814163965502,	0.0057457153826953045,	0.11892611595698493
1.1667083333333335,	0.2083916666666667,	0.06734712265175524,	0.018724348446549133,	0.1811871858027832
1.1667083333333335,	0.22922083333333337,	0.12520024872894553,	0.047834511288184334,	0.2635198541490757
1.1667083333333335,	0.25005000000000005,	0.20226380299817942,	0.0963737750132142,	0.35769350963782914
1.1667083333333335,	0.2708791666666667,	0.28638321672019695,	0.15820864791019068,	0.4498198768725524
1.1667083333333335,	0.2917083333333334,	0.36197033484942337,	0.21997209813849006,	0.5262685801491203
1.1667083333333335,	0.3125375000000001,	0.41637450196758724,	0.267710849817948,	0.5782414275160443
1.1667083333333335,	0.33336666666666676,	0.44233368110792953,	0.2915278240051591,	0.6021116404951574
1.1667083333333335,	0.35419583333333343,	0.43714338034135547,	0.2867865867866485,	0.5973002842238262
1.1667083333333335,	0.3750250000000001,	0.40166424820200797,	0.25438463078003787,	0.5646115790097122
1.1667083333333335,	0.3958541666666668,	0.34096196027240144,	0.20161170270071543,	0.5064625314152867
1.1667083333333335,	0.41668333333333346,	0.26548965409978015,	0.14144742006106686,	0.42889639406440316
1.1667083333333335,	0.43751250000000014,	0.1896907254901941,	0.08755030312512996,	0.34381344099969346
1.1667083333333335,	0.4583416666666668,	0.12673944602755827,	0.047944078704648174,	0.26803821985709897
1.1667083333333335,	0.4791708333333335,	0.08314601438589214,	0.02347570343517147,	0.21719672800976142
1.1667083333333335,	0.5000000000000001,	0.05812791338856116,	0.01073477846777976,	0.19996492485579048
1.2500375000000001,	1.0E-4,	0.003913673316583988,	1.6412400768273105E-5,	0.121821796625392
1.2500375000000001,	0.020929166666666665,	0.0020701247340432216,	8.348898896615164E-6,	0.0764249935987576
1.2500375000000001,	0.04175833333333333,	0.001311916529786128,	5.744009053398891E-6,	0.051521146156599806
1.2500375000000001,	0.06258749999999999,	0.0010478361829963645,	5.665812083832655E-6,	0.03898485123451412
1.2500375000000001,	0.08341666666666665,	0.0010737732218896179,	8.16993451518977E-6,	0.033755552569355474
1.2500375000000001,	0.10424583333333332,	0.001400334746295473,	1.6965496053511497E-5,	0.03345497126183361
1.2500375000000001,	0.125075,	0.002263348419703437,	4.839753844659844E-5,	0.03759159609437562
1.2500375000000001,	0.14590416666666667,	0.004342351703775005,	1.7465105280289883E-4,	0.047188012502438426
1.2500375000000001,	0.16673333333333334,	0.009301828270599055,	7.089395862439063E-4,	0.06478854221777375
1.2500375000000001,	0.18756250000000002,	0.020640868774803978,	0.0028264768690821063,	0.09440331900018872
1.2500375000000001,	0.2083916666666667,	0.044040820106097056,	0.009812470491171066,	0.14056871058004328
1.2500375000000001,	0.22922083333333337,	0.08538449391941116,	0.027537526351025854,	0.20576888171456398
1.2500375000000001,	0.25005000000000005,	0.1460885160858989,	0.06123286822452528,	0.28698669072769223
1.2500375000000001,	0.2708791666666667,	0.21964067012565214,	0.10995801332116034,	0.3744601871592045
1.2500375000000001,	0.2917083333333334,	0.2934667050350747,	0.16516784886251634,	0.45496271534520377
1.2500375000000001,	0.3125375000000001,	0.3544187759197209,	0.21478952815435665,	0.5171797976969313
1.2500375000000001,	0.33336666666666676,	0.3929683493885449,	0.2480711752296939,	0.5546389150126481
1.2500375000000001,	0.35419583333333343,	0.40414441257359973,	0.2581023272692378,	0.5651102602679142
1.2500375000000001,	0.3750250000000001,	0.3868550831542367,	0.24274666182733395,	0.5487263340183576
1.2500375000000001,	0.3958541666666668,	0.3437353383450016,	0.2054617153422294,	0.5070568607628576
1.2500375000000001,	0.41668333333333346,	0.2818918853058573,	0.15532764082861583,	0.44408786067039996
1.2500375000000001,	0.43751250000000014,	0.21281100085145344,	0.10416800203324572,	0.3687155664285354
1.2500375000000001,	0.4583416666666668,	0.14941266501905925,	0.06154860774708337,	0.29597628904464574
1.2500375000000001,	0.4791708333333335,	0.10107181350665423,	0.031875851487089046,	0.24289396261165996
1.2500375000000001,	0.5000000000000001,	0.07057393085074459,	0.014824901588038009,	0.22114781167795755
1.3333666666666668,	1.0E-4,	0.004919697071735507,	2.3787212057591045E-5,	0.1366243527233741
1.3333666666666668,	0.020929166666666665,	0.0026295361134883732,	1.1971905190977239E-5,	0.08740474376233104
1.3333666666666668,	0.04175833333333333,	0.0016659230546468562,	7.943923523379137E-6,	0.060012223845494705
1.3333666666666668,	0.06258749999999999,	0.001307469061368749,	7.3292100800648186E-6,	0.04592985340353317
1.3333666666666668,	0.08341666666666665,	0.0012862939058908562,	9.570907564204756E-6,	0.03965808630690659
1.3333666666666668,	0.10424583333333332,	0.0015705987151943823,	1.7518108539726907E-5,	0.03843412881762853
1.3333666666666668,	0.125075,	0.002329392543247988,	4.348139953397334E-5,	0.041361679863179124
1.3333666666666668,	0.14590416666666667,	0.0040666019186801905,	1.3767759434363258E-4,	0.04890819344975339
1.3333666666666668,	0.16673333333333334,	0.007984060830657003,	5.0546967120213E-4,	0.06278315812990648
1.3333666666666668,	0.18756250000000002,	0.016581994560938618,	0.0019032168034426311,	0.0859048705743567
1.3333666666666668,	0.2083916666666667,	0.034042151911927276,	0.0065039519648302235,	0.12193987506720472
1.3333666666666668,	0.22922083333333337,	0.06519465472175606,	0.018497952694820408,	0.17378126497335672
1.3333666666666668,	0.25005000000000005,	0.11243777184161657,	0.042348951301369675,	0.24094200074448163
1.3333666666666668,	0.2708791666666667,	0.17269765182703667,	0.07890379900083572,	0.31752416419380824
1.3333666666666668,	0.2917083333333334,	0.23757021278815188,	0.12353667648138228,	0.3932749769291711
1.3333666666666668,	0.3125375000000001,	0.29657230430875436,	0.16802958718360345,	0.457557777454359
1.3333666666666668,	0.33336666666666676,	0.34057481034871995,	0.20358357380894565,	0.5028322186285152
1.3333666666666668,	0.35419583333333343,	0.3634427424908056,	0.22296447618944232,	0.5253861217350241
1.3333666666666668,	0.3750250000000001,	0.3621941673778185,	0.2219151203994852,	0.5241377398565372
1.3333666666666668,	0.3958541666666668,	0.33694915342116705,	0.2004401972061789,	0.49937852373812563
1.3333666666666668,	0.41668333333333346,	0.291408746847239,	0.16347395284760652,	0.4529277473019798
1.3333666666666668,	0.43751250000000014,	0.23335123648789158,	0.11951165113733492,	0.39039946111191515
1.3333666666666668,	0.4583416666666668,	0.17364255881077123,	0.07732522832794098,	0.3240364731309916
1.3333666666666668,	0.4791708333333335,	0.12287059819293444,	0.04342434795250466,	0.2711789225216721
1.3333666666666668,	0.5000000000000001,	0.0872856543787533,	0.021190483167292384,	0.24649465855314806
1.4166958333333335,	1.0E-4,	0.0056701272655090285,	3.0912640372526834E-5,	0.14495088998623135
1.4166958333333335,	0.020929166666666665,	0.003083277518501071,	1.5730696473370553E-5,	0.0942616567207426
1.4166958333333335,	0.04175833333333333,	0.0019879406678540157,	1.0449197750894701E-5,	0.06615324933357625
1.4166958333333335,	0.06258749999999999,	0.0015789501106173165,	9.502740190847625E-6,	0.051804484996744116
1.4166958333333335,	0.08341666666666665,	0.0015515776024195849,	1.198022220599837E-5,	0.04548669811064532
1.4166958333333335,	0.10424583333333332,	0.0018568489702751045,	2.0684903662582244E-5,	0.04425360713489068
1.4166958333333335,	0.125075,	0.002643710134900723,	4.74488163609843E-5,	0.046998407939704334
1.4166958333333335,	0.14590416666666667,	0.004353175097481454,	1.3720560681534932E-4,	0.05387175817434492
1.4166958333333335,	0.16673333333333334,	0.00798241650296272,	4.604343485930529E-4,	0.06606086285084056
1.4166958333333335,	0.18756250000000002,	0.015491959880431783,	0.0016056480078482926,	0.08568651073563277
1.4166958333333335,	0.2083916666666667,	0.030016549943542525,	0.0051853073731761845,	0.1154818073368662
1.4166958333333335,	0.22922083333333337,	0.05511702188612877,	0.014228084561291321,	0.1578473113170193
1.4166958333333335,	0.25005000000000005,	0.09276905414617986,	0.03200154480276274,	0.21312340972566046
1.4166958333333335,	0.2708791666666667,	0.14142239879761936,	0.059521139841142934,	0.2778987026971819
1.4166958333333335,	0.2917083333333334,	0.1959212204111132,	0.09441782188544501,	0.3451196435079754
1.4166958333333335,	0.3125375000000001,	0.24918354930354109,	0.131882180234001,	0.4064895800355499
1.4166958333333335,	0.33336666666666676,	0.29410369456748786,	0.16596910475953458,	0.45515247561411687
1.4166958333333335,	0.35419583333333343,	0.32471853086038177,	0.19054270498828924,	0.4867612949734149
1.4166958333333335,	0.3750250000000001,	0.33673789335502624,	0.20040280905606678,	0.4989700434539283
1.4166958333333335,	0.3958541666666668,	0.3279456565530916,	0.19291174027039454,	0.49043845789515905
1.4166958333333335,	0.41668333333333346,	0.29885883073682673,	0.16936078301213242,	0.46069751829244204
1.4166958333333335,	0.43751250000000014,	0.25359452287257156,	0.13470614631151417,	0.4121472349681946
1.4166958333333335,	0.4583416666666668,	0.2001655269480943,	0.09557827013962017,	0.35386933285155564
1.4166958333333335,	0.4791708333333335,	0.14890244014791798,	0.058711362401981715,	0.30271036675198293
1.4166958333333335,	0.5000000000000001,	0.10870105763398485,	0.030572853865354188,	0.27609194998718206
1.5000250000000002,	1.0E-4,	0.006026258029236065,	3.5961944027496084E-5,	0.14654300511374052
1.5000250000000002,	0.020929166666666665,	0.00332393790383273,	1.8594637295255012E-5,	0.09616931063652256
1.5000250000000002,	0.04175833333333333,	0.0021884792666065356,	1.2541474673555264E-5,	0.06874334885643829
1.5000250000000002,	0.06258749999999999,	0.0017784611181097532,	1.151626232737124E-5,	0.05516285343561561
1.5000250000000002,	0.08341666666666665,	0.0017784019358432213,	1.4486853849304815E-5,	0.049611937253446536
1.5000250000000002,	0.10424583333333332,	0.002139129598235645,	2.4527659441331284E-5,	0.0490963118345919
1.5000250000000002,	0.125075,	0.003009387126404417,	5.4064838330980525E-5,	0.05240937649875155
1.5000250000000002,	0.14590416666666667,	0.0048070871526282866,	1.4740990906575435E-4,	0.0594979758889278
1.5000250000000002,	0.16673333333333334,	0.008417104437304923,	4.605849440993959E-4,	0.07117990785597939
1.5000250000000002,	0.18756250000000002,	0.01545346285761029,	0.0014915713094667549,	0.08897912235846483
1.5000250000000002,	0.2083916666666667,	0.028303771899982788,	0.004507381169578439,	0.11484378534173251
1.5000250000000002,	0.22922083333333337,	0.04949088672192564,	0.011743816074843427,	0.15051854835918765
1.5000250000000002,	0.25005000000000005,	0.08035803131264474,	0.0255266744900553,	0.19646839924907528
1.5000250000000002,	0.2708791666666667,	0.12003804125154172,	0.04671967512428299,	0.2507709495447539
1.5000250000000002,	0.2917083333333334,	0.16555881524550092,	0.07422413704717223,	0.3089967406941899
1.5000250000000002,	0.3125375000000001,	0.2126807624730998,	0.10556914967592579,	0.36547326255401547
1.5000250000000002,	0.33336666666666676,	0.2565878213001105,	0.1372491574962923,	0.4148681258679565
1.5000250000000002,	0.35419583333333343,	0.292234631129871,	0.1646434181996445,	0.4529604977324691
1.5000250000000002,	0.3750250000000001,	0.3147189709875168,	0.18246041435631644,	0.4764729397614766
1.5000250000000002,	0.3958541666666668,	0.31998120435389765,	0.1863168555046592,	0.4824713955324004
1.5000250000000002,	0.41668333333333346,	0.3058463793097339,	0.1746791659013645,	0.4683243705544555
1.5000250000000002,	0.43751250000000014,	0.2732635411798996,	0.149477812428492,	0.4335791634617699
1.5000250000000002,	0.4583416666666668,	0.22735571766486595,	0.11491716206633046,	0.38423331239010794
1.5000250000000002,	0.4791708333333335,	0.17724114620842957,	0.07660294624493452,	0.335942809749727
1.5000250000000002,	0.5000000000000001,	0.13331063546322436,	0.04262679479532011,	0.308266725419823
1.5833541666666668,	1.0E-4,	0.006010049629326497,	3.829767870228151E-5,	0.14269328433717365
1.5833541666666668,	0.020929166666666665,	0.0033314940153161277,	1.9992205162466803E-5,	0.09360129882633983
1.5833541666666668,	0.04175833333333333,	0.0022256035413399933,	1.3658682274875211E-5,	0.06761283775856247
1.5833541666666668,	0.06258749999999999,	0.0018467329051478076,	1.2699525117843002E-5,	0.055331900141172896
1.5833541666666668,	0.08341666666666665,	0.0018853094068115306,	1.6075800853221356E-5,	0.05093919255811813
1.5833541666666668,	0.10424583333333332,	0.0022991866797639204,	2.7052265937521636E-5,	0.05148209256684444
1.5833541666666668,	0.125075,	0.0032392918309602226,	5.825770280570852E-5,	0.05572622281388395
1.5833541666666668,	0.14590416666666667,	0.005102733224851885,	1.5230692535972423E-4,	0.06347592135824265
1.5833541666666668,	0.16673333333333334,	0.008677658764758345,	4.4938108093878215E-4,	0.07525295525474535
1.5833541666666668,	0.18756250000000002,	0.015298821484211633,	0.0013651444418675274,	0.09209640424717208
1.5833541666666668,	0.2083916666666667,	0.026788911282851546,	0.0038871919239027997,	0.11531177435120527
1.5833541666666668,	0.22922083333333337,	0.04492989309013212,	0.009673081424440622,	0.14605987110377922
1.5833541666666668,	0.25005000000000005,	0.0706327468905813,	0.020437483796376554,	0.18475450629501372
1.5833541666666668,	0.2708791666666667,	0.10348119283666507,	0.03700141531243578,	0.23046128687371575
1.5833541666666668,	0.2917083333333334,	0.14196466290298765,	0.059089522149772866,	0.2807531254722375
1.5833541666666668,	0.3125375000000001,	0.1838693843348802,	0.08571733720908031,	0.33220750504814117
1.5833541666666668,	0.33336666666666676,	0.22625511414575722,	0.11510169488803762,	0.3810827755582039
1.5833541666666668,	0.35419583333333343,	0.265143201710312,	0.14397901219725612,	0.42366512907266607
1.5833541666666668,	0.3750250000000001,	0.2955121966887466,	0.16736677161148644,	0.45617255846820665
1.5833541666666668,	0.3958541666666668,	0.31203281676334094,	0.17983163367976407,	0.4744110502947697
1.5833541666666668,	0.41668333333333346,	0.3104547898970893,	0.17781111205253003,	0.47393401158430687
1.5833541666666668,	0.43751250000000014,	0.28923859593450074,	0.1609548295110274,	0.4519723781650806
1.5833541666666668,	0.4583416666666668,	0.25105363133488534,	0.13144320467860343,	0.4118608887450131
1.5833541666666668,	0.4791708333333335,	0.20346628768434255,	0.09336217780092015,	0.36757764680134764
1.5833541666666668,	0.5000000000000001,	0.15731742159346768,	0.05500321123258617,	0.33983104990803514
1.6666833333333335,	1.0E-4,	0.005811873345820784,	3.916855276880904E-5,	0.1362551247136468
1.6666833333333335,	0.020929166666666665,	0.0032012480036044955,	2.0415519987437847E-5,	0.08848889109540042
1.6666833333333335,	0.04175833333333333,	0.0021449392326770567,	1.3964151082290766E-5,	0.0639660240383047
1.6666833333333335,	0.06258749999999999,	0.001799101958864846,	1.3005406288346677E-5,	0.05294540287641253
1.6666833333333335,	0.08341666666666665,	0.0018617095303083975,	1.6426626684384882E-5,	0.04960963982585437
1.6666833333333335,	0.10424583333333332,	0.0022938853861406705,	2.732943216682271E-5,	0.05107504776631572
1.6666833333333335,	0.125075,	0.0032382296155542,	5.739909881347094E-5,	0.05611117489930556
1.6666833333333335,	0.14590416666666667,	0.005052902698363615,	1.4413473313706904E-4,	0.06441195756914342
1.6666833333333335,	0.16673333333333334,	0.008411413351659236,	4.0358391608324995E-4,	0.07624528572820821
1.6666833333333335,	0.18756250000000002,	0.014387284453615645,	0.0011593502267127631,	0.09224218566484993
1.6666833333333335,	0.2083916666666667,	0.024361988574480853,	0.0031445521404536714,	0.11320017082735595
1.6666833333333335,	0.22922083333333337,	0.03963437487730237,	0.007571267927760528,	0.13986244066113823
1.6666833333333335,	0.25005000000000005,	0.060928431856168364,	0.01576355721915962,	0.17266211390063763
1.6666833333333335,	0.2708791666666667,	0.08823448168344811,	0.028585208029012488,	0.21144745757613964
1.6666833333333335,	0.2917083333333334,	0.12104629875753825,	0.04632355410681671,	0.2552857173934431
1.6666833333333335,	0.3125375000000001,	0.15850237749018775,	0.06892360636528672,	0.30243557739242743
1.6666833333333335,	0.33336666666666676,	0.19901423744823749,	0.09575643566856956,	0.3504231333435355
1.6666833333333335,	0.35419583333333343,	0.23955655448750407,	0.12466993312288643,	0.3960806082181404
1.6666833333333335,	0.3750250000000001,	0.2752842651380977,	0.1512169834148449,	0.4354210479039312
1.6666833333333335,	0.3958541666666668,	0.3001201454474145,	0.16948788719150737,	0.46338118089195074
1.6666833333333335,	0.41668333333333346,	0.30835203828155944,	0.17459335010075122,	0.4741324112779188
1.6666833333333335,	0.43751250000000014,	0.2966362144294705,	0.1645835480876977,	0.4631873963207594
1.6666833333333335,	0.4583416666666668,	0.2658038460580736,	0.14017065091767783,	0.43189388275682883
1.6666833333333335,	0.4791708333333335,	0.22198485770442028,	0.10413991653863247,	0.3925402224369574
1.6666833333333335,	0.5000000000000001,	0.17576943563173103,	0.0641519123165103,	0.36602783023371177
1.7500125000000002,	1.0E-4,	0.005762136539910978,	4.1425509008707895E-5,	0.132045815151429
1.7500125000000002,	0.020929166666666665,	0.0031329759261951584,	2.139364123099341E-5,	0.08453944045988399
1.7500125000000002,	0.04175833333333333,	0.0020822607447995023,	1.4456935568396556E-5,	0.060692025820756945
1.7500125000000002,	0.06258749999999999,	0.0017415525101457385,	1.3256123977178902E-5,	0.050342091840585745
1.7500125000000002,	0.08341666666666665,	0.0018008851508010126,	1.6391003909599355E-5,	0.047564454931478595
1.7500125000000002,	0.10424583333333332,	0.0022122840820278933,	2.64616872340806E-5,	0.04946588636981619
1.7500125000000002,	0.125075,	0.003094451117524266,	5.3319780266070094E-5,	0.054773019664387856
1.7500125000000002,	0.14590416666666667,	0.0047444825310967165,	1.2702587439733515E-4,	0.06304654262915943
1.7500125000000002,	0.16673333333333334,	0.007698549413345135,	3.3525827220176607E-4,	0.07430707820128918
1.7500125000000002,	0.18756250000000002,	0.012773959165320925,	9.101595321614475E-4,	0.08883743759866047
1.7500125000000002,	0.2083916666666667,	0.020991463827319368,	0.0023632470046937026,	0.10706803206339355
1.7500125000000002,	0.22922083333333337,	0.033330766081177465,	0.005553900668603617,	0.1295313206312783
1.7500125000000002,	0.25005000000000005,	0.05047025238609948,	0.011510554890852787,	0.15683815321269995
1.7500125000000002,	0.2708791666666667,	0.0727568027858862,	0.021098628681329556,	0.18955008556366987
1.7500125000000002,	0.2917083333333334,	0.10037708367426812,	0.034922372951351976,	0.22786526156749215
1.7500125000000002,	0.3125375000000001,	0.13335525944272536,	0.05345751771277474,	0.2712211395426304
1.7500125000000002,	0.33336666666666676,	0.171053887338179,	0.076827330752964,	0.3180077962223266
1.7500125000000002,	0.35419583333333343,	0.21128225638765719,	0.1038343691850816,	0.3654388152721357
1.7500125000000002,	0.3750250000000001,	0.24961736711162952,	0.13086371258122992,	0.4094068405137804
1.7500125000000002,	0.3958541666666668,	0.2797391574071671,	0.1521949669539926,	0.4442635145724416
1.7500125000000002,	0.41668333333333346,	0.29506397296152453,	0.162300160215813,	0.46324855244268226
1.7500125000000002,	0.43751250000000014,	0.2910375422566432,	0.1580945843867254,	0.46081027045475786
1.7500125000000002,	0.4583416666666668,	0.26720236139638287,	0.1390671558938576,	0.4371998308696606
1.7500125000000002,	0.4791708333333335,	0.228515386020625,	0.10681684554681276,	0.4036718265520389
1.7500125000000002,	0.5000000000000001,	0.18490913051380142,	0.06806531953415262,	0.3808414359484221
1.8333416666666669,	1.0E-4,	0.006357681707300833,	4.9685685285627557E-5,	0.13760013071589566
1.8333416666666669,	0.020929166666666665,	0.003440251503025349,	2.552925260629335E-5,	0.08780148105537838
1.8333416666666669,	0.04175833333333333,	0.0022627109177860705,	1.6926655514226674E-5,	0.06274294126590246
1.8333416666666669,	0.06258749999999999,	0.0018650380361089347,	1.5023835289396104E-5,	0.051852008414125184
1.8333416666666669,	0.08341666666666665,	0.001892482160114839,	1.7750197249921662E-5,	0.04884784137595599
1.8333416666666669,	0.10424583333333332,	0.002268366473757666,	2.703139735471538E-5,	0.0505973574924522
1.8333416666666669,	0.125075,	0.0030739008869998807,	5.075781514429778E-5,	0.055620021270389564
1.8333416666666669,	0.14590416666666667,	0.004532466768483845,	1.1167399318451343E-4,	0.06323625270421263
1.8333416666666669,	0.16673333333333334,	0.007034707846047317,	2.717042908534917E-4,	0.07317025134984179
1.8333416666666669,	0.18756250000000002,	0.011153132597712945,	6.859986800999418E-4,	0.08538315751788661
1.8333416666666669,	0.2083916666666667,	0.017594191325827957,	0.0016887449713921532,	0.10005224421620451
1.8333416666666669,	0.22922083333333337,	0.027080100757117587,	0.003856840857460575,	0.11766228629175124
1.8333416666666669,	0.25005000000000005,	0.040249399395322016,	0.007949145403787439,	0.13910341499996765
1.8333416666666669,	0.2708791666666667,	0.057684543804042476,	0.014732454526211802,	0.1655714328830949
1.8333416666666669,	0.2917083333333334,	0.08001119435271214,	0.024900722659380703,	0.1981279233453357
1.8333416666666669,	0.3125375000000001,	0.10781965099783081,	0.03915355922741298,	0.23705127439451457
1.8333416666666669,	0.33336666666666676,	0.14116380424821107,	0.05806007069426894,	0.28131437643638935
1.8333416666666669,	0.35419583333333343,	0.17864835752709912,	0.08126746590517747,	0.3283549488795775
1.8333416666666669,	0.3750250000000001,	0.2165641730984597,	0.10632342871428863,	0.3739615797083137
1.8333416666666669,	0.3958541666666668,	0.24890967393429952,	0.12842285602183984,	0.41216797640902253
1.8333416666666669,	0.41668333333333346,	0.26884558489139804,	0.14206920362763692,	0.4358311895575831
1.8333416666666669,	0.43751250000000014,	0.27110956530291147,	0.14327963765420443,	0.43911186233735805
1.8333416666666669,	0.4583416666666668,	0.2543188449681363,	0.13015360453566172,	0.4222050780765909
1.8333416666666669,	0.4791708333333335,	0.2224107077467964,	0.1028589630189577,	0.39638098104308106
1.8333416666666669,	0.5000000000000001,	0.18434521069340637,	0.06721521843908773,	0.38170683206957945
1.9166708333333335,	1.0E-4,	0.008509976534505581,	7.346310248607102E-5,	0.16444681855699783
1.9166708333333335,	0.020929166666666665,	0.004729241618748825,	3.8366711341442095E-5,	0.10829166928367567
1.9166708333333335,	0.04175833333333333,	0.0031257440204611187,	2.5124105143048414E-5,	0.07866460704110917
1.9166708333333335,	0.06258749999999999,	0.0025342754921726107,	2.1396335975143455E-5,	0.06508538764974492
1.9166708333333335,	0.08341666666666665,	0.0024845457964214335,	2.3631789246414403E-5,	0.06065490407109447
1.9166708333333335,	0.10424583333333332,	0.0028360578671691727,	3.2903177317356036E-5,	0.061615250451978854
1.9166708333333335,	0.125075,	0.0036172097224093647,	5.548603865213053E-5,	0.06597518642880729
1.9166708333333335,	0.14590416666666667,	0.004974239926032575,	1.0837726546425452E-4,	0.07261534605718412
1.9166708333333335,	0.16673333333333334,	0.007162032372076688,	2.336861664153922E-4,	0.08086554843580929
1.9166708333333335,	0.18756250000000002,	0.010537202541568147,	5.286399556166943E-4,	0.09037096682960194
1.9166708333333335,	0.2083916666666667,	0.01553357510829484,	0.0011932318560396449,	0.10114655416379265
1.9166708333333335,	0.22922083333333337,	0.02263107842639328,	0.0025749550521793063,	0.1137323042848099
1.9166708333333335,	0.25005000000000005,	0.032360028568826305,	0.005164156483114801,	0.12929404437213582
1.9166708333333335,	0.2708791666666667,	0.04536388859362206,	0.009528003870125479,	0.14947011138175514
1.9166708333333335,	0.2917083333333334,	0.06245750507289022,	0.01627225835904217,	0.17585581745778994
1.9166708333333335,	0.3125375000000001,	0.08452771840604589,	0.026099379427393488,	0.20925771975694396
1.9166708333333335,	0.33336666666666676,	0.11210548030129786,	0.03977213500776372,	0.2490516106061169
1.9166708333333335,	0.35419583333333343,	0.14455454863643274,	0.05761275750791062,	0.2928691695396415
1.9166708333333335,	0.3750250000000001,	0.17915525491980044,	0.07850122793268116,	0.3365296538908023
1.9166708333333335,	0.3958541666666668,	0.21081272111961047,	0.09916444122868895,	0.37415002013153076
1.9166708333333335,	0.41668333333333346,	0.2331152379155061,	0.11483563479452219,	0.398957699427669
1.9166708333333335,	0.43751250000000014,	0.24060069972307008,	0.12090703874379272,	0.4058324994166321
1.9166708333333335,	0.4583416666666668,	0.23119218735808872,	0.113904308037649,	0.39595561177346195
1.9166708333333335,	0.4791708333333335,	0.20776616429715367,	0.092448914310579,	0.38110928782021286
1.9166708333333335,	0.5000000000000001,	0.17792880376480852,	0.06173679156362716,	0.3797192833565201
2.0,	1.0E-4,	0.014251394864234213,	1.3796993907760902E-4,	0.22853127418501928
2.0,	0.020929166666666665,	0.008529685452118574,	7.589175224897993E-5,	0.16287309339507366
2.0,	0.04175833333333333,	0.0058538025595226695,	5.020706109165607E-5,	0.12464305684372073
2.0,	0.06258749999999999,	0.004735488010926547,	4.1316383110667765E-5,	0.10519319870732569
2.0,	0.08341666666666665,	0.0044763687788034745,	4.2324276480598666E-5,	0.09733893212954342
2.0,	0.10424583333333332,	0.004801553770704625,	5.2793218640434514E-5,	0.09642019169997235
2.0,	0.125075,	0.005649418120712291,	7.758677946834158E-5,	0.09957169633867041
2.0,	0.14590416666666667,	0.007074902213578649,	1.295364735923732E-4,	0.10496548349068607
2.0,	0.16673333333333334,	0.009205477929451367,	2.366700101592012E-4,	0.11140520895670025
2.0,	0.18756250000000002,	0.012217473011099544,	4.5571226510920937E-4,	0.118224324404677
2.0,	0.2083916666666667,	0.01632718271939293,	8.917367212230021E-4,	0.12537889661544593
2.0,	0.22922083333333337,	0.021808838904805727,	0.001717412288963771,	0.13358313277303024
2.0,	0.25005000000000005,	0.029049384138541856,	0.0031792727417762623,	0.14429752386094274
2.0,	0.2708791666666667,	0.03862248369015875,	0.005590374201200454,	0.1594303684116613
2.0,	0.2917083333333334,	0.05132624419433518,	0.009341845251052638,	0.18075969666574582
2.0,	0.3125375000000001,	0.06809759451393854,	0.014959725207968233,	0.20923863098135265
2.0,	0.33336666666666676,	0.08969483854308719,	0.023124775781105222,	0.24441700541342654
2.0,	0.35419583333333343,	0.11606959646411802,	0.03444685913617512,	0.28412968160781404
2.0,	0.3750250000000001,	0.145548888783045,	0.04884316891644175,	0.3244619351136236
2.0,	0.3958541666666668,	0.17434519685962474,	0.0647621578167965,	0.36006514297525777
2.0,	0.41668333333333346,	0.19712021526676782,	0.07895749761520976,	0.38522499864533505
2.0,	0.43751250000000014,	0.20879811379522228,	0.08719220153780777,	0.39629560620371496
2.0,	0.4583416666666668,	0.20687161339430343,	0.08539208263954434,	0.3955202323861702
2.0,	0.4791708333333335,	0.1930390206497244,	0.07161771669456413,	0.3937127165317368
2.0,	0.5000000000000001,	0.1731396251290876,	0.04992347374169437,	0.40591510190620805
